<keymap version="1" name="Default for XWin copy" parent="Default for XWin">
  <action id="$LRU">
    <keyboard-shortcut first-keystroke="shift ctrl o" />
  </action>
  <action id="ActivateSonarLintToolWindow">
    <keyboard-shortcut first-keystroke="shift ctrl alt s" />
  </action>
  <action id="Back">
    <keyboard-shortcut first-keystroke="ctrl alt left" />
    <mouse-shortcut keystroke="button4" />
    <keyboard-shortcut first-keystroke="alt minus" />
  </action>
  <action id="Editor LRU">
    <keyboard-shortcut first-keystroke="shift ctrl o" />
  </action>
  <action id="Forward">
    <keyboard-shortcut first-keystroke="ctrl alt right" />
    <mouse-shortcut keystroke="button5" />
    <keyboard-shortcut first-keystroke="shift alt minus" />
  </action>
  <action id="RecentLocations">
    <keyboard-shortcut first-keystroke="shift ctrl e" />
    <keyboard-shortcut first-keystroke="shift ctrl alt e" />
  </action>
  <action id="RunCoverage">
    <keyboard-shortcut first-keystroke="shift ctrl f9" />
  </action>
  <action id="SelectIn">
    <keyboard-shortcut first-keystroke="alt f1" />
    <keyboard-shortcut first-keystroke="alt l" />
  </action>
  <action id="Vcs.QuickListPopupAction">
    <keyboard-shortcut first-keystroke="alt back_quote" />
    <keyboard-shortcut first-keystroke="ctrl alt back_quote" />
  </action>
</keymap>