<application>
  <component name="libraryTable">
    <library name="@types/enzyme" type="javaScript">
      <CLASSES />
      <SOURCES />
    </library>
    <library name="@types/express" type="javaScript">
      <CLASSES />
      <SOURCES />
    </library>
    <library name="@types/express-winston" type="javaScript">
      <CLASSES />
      <SOURCES />
    </library>
    <library name="@types/jest" type="javaScript">
      <CLASSES />
      <SOURCES />
    </library>
    <library name="@types/prop-types" type="javaScript">
      <CLASSES />
      <SOURCES />
    </library>
    <library name="@types/react" type="javaScript">
      <CLASSES />
      <SOURCES />
    </library>
    <library name="@types/react-dom" type="javaScript">
      <CLASSES />
      <SOURCES />
    </library>
    <library name="@types/react-helmet" type="javaScript">
      <CLASSES />
      <SOURCES />
    </library>
    <library name="@types/react-loadable" type="javaScript">
      <CLASSES />
      <SOURCES />
    </library>
    <library name="@types/react-redux" type="javaScript">
      <CLASSES />
      <SOURCES />
    </library>
    <library name="@types/react-router" type="javaScript">
      <CLASSES />
      <SOURCES />
    </library>
    <library name="@types/react-router-dom" type="javaScript">
      <CLASSES />
      <SOURCES />
    </library>
    <library name="@types/redux-mock-store" type="javaScript">
      <CLASSES />
      <SOURCES />
    </library>
    <library name="@types/webpack" type="javaScript">
      <CLASSES />
      <SOURCES />
    </library>
    <library name="@types/workbox-webpack-plugin" type="javaScript">
      <CLASSES />
      <SOURCES />
    </library>
  </component>
</application>