<application>
  <component name="KeyPromoterXStatistic">
    <option name="statistics">
      <Statistic Action="Analyze with SonarLint">
        <Item>
          <IdeaActionID>SonarLint.AnalyzeFiles</IdeaActionID>
          <ShortCut>'Ctrl+Shift+S'</ShortCut>
          <Description>Analyze with SonarLint</Description>
          <Count>5</Count>
        </Item>
      </Statistic>
      <Statistic Action="Branches...">
        <Item>
          <IdeaActionID>Git.Branches</IdeaActionID>
          <ShortCut>'Ctrl+Shift+`'</ShortCut>
          <Description>Branches...</Description>
          <Count>1</Count>
        </Item>
      </Statistic>
      <Statistic Action="Change Signature...">
        <Item>
          <IdeaActionID>ChangeSignature</IdeaActionID>
          <ShortCut>'Ctrl+F6'</ShortCut>
          <Description>Change Signature...</Description>
          <Count>1</Count>
        </Item>
      </Statistic>
      <Statistic Action="Close">
        <Item>
          <IdeaActionID>CloseContent</IdeaActionID>
          <ShortCut>'Ctrl+F4'</ShortCut>
          <Description>Close</Description>
          <Count>1</Count>
        </Item>
      </Statistic>
      <Statistic Action="Commit...">
        <Item>
          <IdeaActionID>CheckinProject</IdeaActionID>
          <ShortCut>'Ctrl+K'</ShortCut>
          <Description>Commit...</Description>
          <Count>3</Count>
        </Item>
      </Statistic>
      <Statistic Action="Configure Current File Analysis...">
        <Item>
          <IdeaActionID>PopupHector</IdeaActionID>
          <ShortCut>'Ctrl+Alt+Shift+H'</ShortCut>
          <Description>Configure Current File Analysis...</Description>
          <Count>1</Count>
        </Item>
      </Statistic>
      <Statistic Action="Copy">
        <Item>
          <IdeaActionID>$Copy</IdeaActionID>
          <ShortCut>'Ctrl+C' or 'Ctrl+Insert'</ShortCut>
          <Description>Copy</Description>
          <Count>7</Count>
        </Item>
      </Statistic>
      <Statistic Action="Copy Path">
        <Item>
          <IdeaActionID>CopyPaths</IdeaActionID>
          <ShortCut>'Ctrl+Shift+C'</ShortCut>
          <Description>Copy Path</Description>
          <Count>2</Count>
        </Item>
      </Statistic>
      <Statistic Action="Copy Relative Path">
        <Item>
          <IdeaActionID>CopyReference</IdeaActionID>
          <ShortCut>'Ctrl+Alt+Shift+C'</ShortCut>
          <Description>Copy Relative Path</Description>
          <Count>10</Count>
        </Item>
      </Statistic>
      <Statistic Action="Debug">
        <Item>
          <IdeaActionID>ActivateDebugToolWindow</IdeaActionID>
          <ShortCut>'Alt+5'</ShortCut>
          <Description>Debug</Description>
          <Count>30</Count>
        </Item>
      </Statistic>
      <Statistic Action="Declaration">
        <Item>
          <IdeaActionID>GotoDeclaration</IdeaActionID>
          <ShortCut>'Ctrl+B'</ShortCut>
          <Description>Declaration</Description>
          <Count>653</Count>
        </Item>
      </Statistic>
      <Statistic Action="Delete...">
        <Item>
          <IdeaActionID>$Delete</IdeaActionID>
          <ShortCut>'Delete'</ShortCut>
          <Description>Delete...</Description>
          <Count>3</Count>
        </Item>
      </Statistic>
      <Statistic Action="Edit Source">
        <Item>
          <IdeaActionID>Vcs.EditSource</IdeaActionID>
          <ShortCut>'F4'</ShortCut>
          <Description>Edit Source</Description>
          <Count>1</Count>
        </Item>
      </Statistic>
      <Statistic Action="Evaluate Expression...">
        <Item>
          <IdeaActionID>EvaluateExpression</IdeaActionID>
          <ShortCut>'Alt+F8'</ShortCut>
          <Description>Evaluate Expression...</Description>
          <Count>36</Count>
        </Item>
      </Statistic>
      <Statistic Action="Expand All">
        <Item>
          <IdeaActionID>ExpandAll</IdeaActionID>
          <ShortCut>'Ctrl+NumPad +' or 'Ctrl+='</ShortCut>
          <Description>Expand All</Description>
          <Count>1</Count>
        </Item>
      </Statistic>
      <Statistic Action="Favorites">
        <Item>
          <IdeaActionID>ActivateFavoritesToolWindow</IdeaActionID>
          <ShortCut>'Alt+2'</ShortCut>
          <Description>Favorites</Description>
          <Count>1</Count>
        </Item>
      </Statistic>
      <Statistic Action="Find">
        <Item>
          <IdeaActionID>ActivateFindToolWindow</IdeaActionID>
          <ShortCut>'Alt+3'</ShortCut>
          <Description>Find</Description>
          <Count>4</Count>
        </Item>
      </Statistic>
      <Statistic Action="Find Action...">
        <Item>
          <IdeaActionID>GotoAction</IdeaActionID>
          <ShortCut>'Ctrl+Shift+A'</ShortCut>
          <Description>Find Action...</Description>
          <Count>1</Count>
        </Item>
      </Statistic>
      <Statistic Action="Find in Path...">
        <Item>
          <IdeaActionID>FindInPath</IdeaActionID>
          <ShortCut>'Ctrl+Shift+F'</ShortCut>
          <Description>Find in Path...</Description>
          <Count>3</Count>
        </Item>
      </Statistic>
      <Statistic Action="Hide All Windows">
        <Item>
          <IdeaActionID>HideAllWindows</IdeaActionID>
          <ShortCut>'Ctrl+Shift+F12'</ShortCut>
          <Description>Hide All Windows</Description>
          <Count>41</Count>
        </Item>
      </Statistic>
      <Statistic Action="Load Context...">
        <Item>
          <IdeaActionID>context.load</IdeaActionID>
          <ShortCut>'Alt+Shift+L'</ShortCut>
          <Description>Load Context...</Description>
          <Count>3</Count>
        </Item>
      </Statistic>
      <Statistic Action="Maximize Tool Window">
        <Item>
          <IdeaActionID>MaximizeToolWindow</IdeaActionID>
          <ShortCut>'Ctrl+Shift+Quote'</ShortCut>
          <Description>Maximize Tool Window</Description>
          <Count>1</Count>
        </Item>
      </Statistic>
      <Statistic Action="Move to Another Changelist...">
        <Item>
          <IdeaActionID>ChangesView.Move</IdeaActionID>
          <ShortCut>'Alt+Shift+M'</ShortCut>
          <Description>Move to Another Changelist...</Description>
          <Count>2</Count>
        </Item>
      </Statistic>
      <Statistic Action="New Watch...">
        <Item>
          <IdeaActionID>XDebugger.NewWatch</IdeaActionID>
          <ShortCut>'Insert'</ShortCut>
          <Description>New Watch...</Description>
          <Count>1</Count>
        </Item>
      </Statistic>
      <Statistic Action="Open Task...">
        <Item>
          <IdeaActionID>tasks.goto</IdeaActionID>
          <ShortCut>'Alt+Shift+N'</ShortCut>
          <Description>Open Task...</Description>
          <Count>1</Count>
        </Item>
      </Statistic>
      <Statistic Action="Optimize Imports">
        <Item>
          <IdeaActionID>OptimizeImports</IdeaActionID>
          <ShortCut>'Ctrl+Alt+O'</ShortCut>
          <Description>Optimize Imports</Description>
          <Count>1</Count>
        </Item>
      </Statistic>
      <Statistic Action="Paste">
        <Item>
          <IdeaActionID>$Paste</IdeaActionID>
          <ShortCut>'Ctrl+V' or 'Shift+Insert'</ShortCut>
          <Description>Paste</Description>
          <Count>5</Count>
        </Item>
      </Statistic>
      <Statistic Action="Project">
        <Item>
          <IdeaActionID>ActivateProjectToolWindow</IdeaActionID>
          <ShortCut>'Alt+1'</ShortCut>
          <Description>Project</Description>
          <Count>51</Count>
        </Item>
      </Statistic>
      <Statistic Action="Push...">
        <Item>
          <IdeaActionID>Vcs.Push</IdeaActionID>
          <ShortCut>'Ctrl+Shift+K'</ShortCut>
          <Description>Push...</Description>
          <Count>1</Count>
        </Item>
      </Statistic>
      <Statistic Action="Recent Find Usages">
        <Item>
          <IdeaActionID>UsageView.ShowRecentFindUsages</IdeaActionID>
          <ShortCut>'Ctrl+E'</ShortCut>
          <Description>Recent Find Usages</Description>
          <Count>1</Count>
        </Item>
      </Statistic>
      <Statistic Action="Refresh">
        <Item>
          <IdeaActionID>Vcs.Log.Refresh</IdeaActionID>
          <ShortCut>'Ctrl+F5'</ShortCut>
          <Description>Refresh</Description>
          <Count>29</Count>
        </Item>
      </Statistic>
      <Statistic Action="Rename...">
        <Item>
          <IdeaActionID>RenameElement</IdeaActionID>
          <ShortCut>'Shift+F6'</ShortCut>
          <Description>Rename...</Description>
          <Count>2</Count>
        </Item>
      </Statistic>
      <Statistic Action="Rerun">
        <Item>
          <IdeaActionID>UsageView.Rerun</IdeaActionID>
          <ShortCut>'Ctrl+F5'</ShortCut>
          <Description>Rerun</Description>
          <Count>1</Count>
        </Item>
      </Statistic>
      <Statistic Action="Rerun 'Breadcrumb test suit.Should render breadcrumb with all the links'">
        <Item>
          <IdeaActionID>Rerun</IdeaActionID>
          <ShortCut>'Ctrl+F5'</ShortCut>
          <Description>Rerun 'Breadcrumb test suit.Should render breadcrumb with all the links'</Description>
          <Count>1</Count>
        </Item>
      </Statistic>
      <Statistic Action="Rerun 'Breadcrumb.spec.js'">
        <Item>
          <IdeaActionID>Rerun</IdeaActionID>
          <ShortCut>'Ctrl+F5'</ShortCut>
          <Description>Rerun 'Breadcrumb.spec.js'</Description>
          <Count>1</Count>
        </Item>
      </Statistic>
      <Statistic Action="Rerun 'CategoryForm component.should render CategoryForm'">
        <Item>
          <IdeaActionID>Rerun</IdeaActionID>
          <ShortCut>'Ctrl+F5'</ShortCut>
          <Description>Rerun 'CategoryForm component.should render CategoryForm'</Description>
          <Count>1</Count>
        </Item>
      </Statistic>
      <Statistic Action="Rerun 'Overview test suit.Should render cloudinary image'">
        <Item>
          <IdeaActionID>Rerun</IdeaActionID>
          <ShortCut>'Ctrl+F5'</ShortCut>
          <Description>Rerun 'Overview test suit.Should render cloudinary image'</Description>
          <Count>2</Count>
        </Item>
      </Statistic>
      <Statistic Action="Rerun 'Overview test suit.Should render imagekit image'">
        <Item>
          <IdeaActionID>Rerun</IdeaActionID>
          <ShortCut>'Ctrl+F5'</ShortCut>
          <Description>Rerun 'Overview test suit.Should render imagekit image'</Description>
          <Count>3</Count>
        </Item>
      </Statistic>
      <Statistic Action="Rerun 'Rerun Failed Tests'">
        <Item>
          <IdeaActionID>Rerun</IdeaActionID>
          <ShortCut>'Ctrl+F5'</ShortCut>
          <Description>Rerun 'Rerun Failed Tests'</Description>
          <Count>1</Count>
        </Item>
      </Statistic>
      <Statistic Action="Rerun 'Tourism Urls Specs.Should not process correct urls and just call next()'">
        <Item>
          <IdeaActionID>Rerun</IdeaActionID>
          <ShortCut>'Ctrl+F5'</ShortCut>
          <Description>Rerun 'Tourism Urls Specs.Should not process correct urls and just call next()'</Description>
          <Count>1</Count>
        </Item>
      </Statistic>
      <Statistic Action="Rerun 'index.js'">
        <Item>
          <IdeaActionID>Rerun</IdeaActionID>
          <ShortCut>'Ctrl+F5'</ShortCut>
          <Description>Rerun 'index.js'</Description>
          <Count>3</Count>
        </Item>
      </Statistic>
      <Statistic Action="Rerun 'rest-api#1'">
        <Item>
          <IdeaActionID>Rerun</IdeaActionID>
          <ShortCut>'Ctrl+F5'</ShortCut>
          <Description>Rerun 'rest-api#1'</Description>
          <Count>2</Count>
        </Item>
      </Statistic>
      <Statistic Action="Rerun 'rest-api#3'">
        <Item>
          <IdeaActionID>Rerun</IdeaActionID>
          <ShortCut>'Ctrl+F5'</ShortCut>
          <Description>Rerun 'rest-api#3'</Description>
          <Count>1</Count>
        </Item>
      </Statistic>
      <Statistic Action="Rerun 'scratch#1'">
        <Item>
          <IdeaActionID>Rerun</IdeaActionID>
          <ShortCut>'Ctrl+F5'</ShortCut>
          <Description>Rerun 'scratch#1'</Description>
          <Count>9</Count>
        </Item>
      </Statistic>
      <Statistic Action="Rerun 'scratch.js'">
        <Item>
          <IdeaActionID>Rerun</IdeaActionID>
          <ShortCut>'Ctrl+F5'</ShortCut>
          <Description>Rerun 'scratch.js'</Description>
          <Count>1</Count>
        </Item>
      </Statistic>
      <Statistic Action="Rerun 'scratch_1.js'">
        <Item>
          <IdeaActionID>Rerun</IdeaActionID>
          <ShortCut>'Ctrl+F5'</ShortCut>
          <Description>Rerun 'scratch_1.js'</Description>
          <Count>7</Count>
        </Item>
      </Statistic>
      <Statistic Action="Rerun 'start'">
        <Item>
          <IdeaActionID>Rerun</IdeaActionID>
          <ShortCut>'Ctrl+F5'</ShortCut>
          <Description>Rerun 'start'</Description>
          <Count>74</Count>
        </Item>
      </Statistic>
      <Statistic Action="Restore Windows">
        <Item>
          <IdeaActionID>HideAllWindows</IdeaActionID>
          <ShortCut>'Ctrl+Shift+F12'</ShortCut>
          <Description>Restore Windows</Description>
          <Count>8</Count>
        </Item>
      </Statistic>
      <Statistic Action="Resume Program">
        <Item>
          <IdeaActionID>Resume</IdeaActionID>
          <ShortCut>'F9'</ShortCut>
          <Description>Resume Program</Description>
          <Count>290</Count>
        </Item>
      </Statistic>
      <Statistic Action="Revert...">
        <Item>
          <IdeaActionID>ChangesView.Revert</IdeaActionID>
          <ShortCut>'Ctrl+Alt+Z'</ShortCut>
          <Description>Revert...</Description>
          <Count>21</Count>
        </Item>
      </Statistic>
      <Statistic Action="Run">
        <Item>
          <IdeaActionID>ActivateRunToolWindow</IdeaActionID>
          <ShortCut>'Alt+4'</ShortCut>
          <Description>Run</Description>
          <Count>23</Count>
        </Item>
      </Statistic>
      <Statistic Action="Run 'Breadcrumb.spec.js' with Coverage">
        <Item>
          <IdeaActionID>RunCoverage</IdeaActionID>
          <ShortCut>'Ctrl+Shift+F9'</ShortCut>
          <Description>Run 'Breadcrumb.spec.js' with Coverage</Description>
          <Count>1</Count>
        </Item>
      </Statistic>
      <Statistic Action="Run 'CategoryForm.spec.js...' with Coverage">
        <Item>
          <IdeaActionID>RunCoverage</IdeaActionID>
          <ShortCut>'Ctrl+Shift+F9'</ShortCut>
          <Description>Run 'CategoryForm.spec.js...' with Coverage</Description>
          <Count>7</Count>
        </Item>
      </Statistic>
      <Statistic Action="Run 'PackageImg.spec.js'">
        <Item>
          <IdeaActionID>RunClass</IdeaActionID>
          <ShortCut>'Ctrl+Shift+F10'</ShortCut>
          <Description>Run 'PackageImg.spec.js'</Description>
          <Count>1</Count>
        </Item>
      </Statistic>
      <Statistic Action="Run 'PackageImg.spec.js' with Coverage">
        <Item>
          <IdeaActionID>RunCoverage</IdeaActionID>
          <ShortCut>'Ctrl+Shift+F9'</ShortCut>
          <Description>Run 'PackageImg.spec.js' with Coverage</Description>
          <Count>1</Count>
        </Item>
      </Statistic>
      <Statistic Action="Run 'exploreNow.spec.js'">
        <Item>
          <IdeaActionID>RunClass</IdeaActionID>
          <ShortCut>'Ctrl+Shift+F10'</ShortCut>
          <Description>Run 'exploreNow.spec.js'</Description>
          <Count>1</Count>
        </Item>
      </Statistic>
      <Statistic Action="Run 'exploreNow.spec.js' with Coverage">
        <Item>
          <IdeaActionID>RunCoverage</IdeaActionID>
          <ShortCut>'Ctrl+Shift+F9'</ShortCut>
          <Description>Run 'exploreNow.spec.js' with Coverage</Description>
          <Count>19</Count>
        </Item>
      </Statistic>
      <Statistic Action="Run 'scratch.js'">
        <Item>
          <IdeaActionID>RunClass</IdeaActionID>
          <ShortCut>'Ctrl+Shift+F10'</ShortCut>
          <Description>Run 'scratch.js'</Description>
          <Count>1</Count>
        </Item>
      </Statistic>
      <Statistic Action="Run 'scratch_24.jsx'">
        <Item>
          <IdeaActionID>RunClass</IdeaActionID>
          <ShortCut>'Ctrl+Shift+F10'</ShortCut>
          <Description>Run 'scratch_24.jsx'</Description>
          <Count>1</Count>
        </Item>
      </Statistic>
      <Statistic Action="Run 'scratch_26.js'">
        <Item>
          <IdeaActionID>RunClass</IdeaActionID>
          <ShortCut>'Ctrl+Shift+F10'</ShortCut>
          <Description>Run 'scratch_26.js'</Description>
          <Count>1</Count>
        </Item>
      </Statistic>
      <Statistic Action="Save Context...">
        <Item>
          <IdeaActionID>context.save</IdeaActionID>
          <ShortCut>'Alt+Shift+S'</ShortCut>
          <Description>Save Context...</Description>
          <Count>2</Count>
        </Item>
      </Statistic>
      <Statistic Action="Show All Affected Files">
        <Item>
          <IdeaActionID>Vcs.Log.ShowAllAffected</IdeaActionID>
          <ShortCut>'Alt+Shift+A'</ShortCut>
          <Description>Show All Affected Files</Description>
          <Count>4</Count>
        </Item>
      </Statistic>
      <Statistic Action="Show Blame Details">
        <Item>
          <IdeaActionID>GitToolBox.BlameDetails</IdeaActionID>
          <ShortCut>'Alt+Shift+B'</ShortCut>
          <Description>Show Blame Details</Description>
          <Count>2</Count>
        </Item>
      </Statistic>
      <Statistic Action="Show Diff">
        <Item>
          <IdeaActionID>Diff.ShowDiff</IdeaActionID>
          <ShortCut>'Ctrl+D'</ShortCut>
          <Description>Show Diff</Description>
          <Count>3</Count>
        </Item>
      </Statistic>
      <Statistic Action="SonarLint">
        <Item>
          <IdeaActionID>ActivateSonarLintToolWindow</IdeaActionID>
          <ShortCut>'Alt+S'</ShortCut>
          <Description>SonarLint</Description>
          <Count>5</Count>
        </Item>
      </Statistic>
      <Statistic Action="Step Into">
        <Item>
          <IdeaActionID>StepInto</IdeaActionID>
          <ShortCut>'F7'</ShortCut>
          <Description>Step Into</Description>
          <Count>1</Count>
        </Item>
      </Statistic>
      <Statistic Action="Step Over">
        <Item>
          <IdeaActionID>StepOver</IdeaActionID>
          <ShortCut>'F8'</ShortCut>
          <Description>Step Over</Description>
          <Count>244</Count>
        </Item>
      </Statistic>
      <Statistic Action="Stop 'CategoryForm.spec.js'">
        <Item>
          <IdeaActionID>Stop</IdeaActionID>
          <ShortCut>'Ctrl+F2'</ShortCut>
          <Description>Stop 'CategoryForm.spec.js'</Description>
          <Count>1</Count>
        </Item>
      </Statistic>
      <Statistic Action="Stop 'Rerun Failed Tests'">
        <Item>
          <IdeaActionID>Stop</IdeaActionID>
          <ShortCut>'Ctrl+F2'</ShortCut>
          <Description>Stop 'Rerun Failed Tests'</Description>
          <Count>1</Count>
        </Item>
      </Statistic>
      <Statistic Action="Stop 'index.js'">
        <Item>
          <IdeaActionID>Stop</IdeaActionID>
          <ShortCut>'Ctrl+F2'</ShortCut>
          <Description>Stop 'index.js'</Description>
          <Count>6</Count>
        </Item>
      </Statistic>
      <Statistic Action="Stop 'scratch_3.js'">
        <Item>
          <IdeaActionID>Stop</IdeaActionID>
          <ShortCut>'Ctrl+F2'</ShortCut>
          <Description>Stop 'scratch_3.js'</Description>
          <Count>3</Count>
        </Item>
      </Statistic>
      <Statistic Action="Stop 'start'">
        <Item>
          <IdeaActionID>Stop</IdeaActionID>
          <ShortCut>'Ctrl+F2'</ShortCut>
          <Description>Stop 'start'</Description>
          <Count>14</Count>
        </Item>
      </Statistic>
      <Statistic Action="Structure">
        <Item>
          <IdeaActionID>ActivateStructureToolWindow</IdeaActionID>
          <ShortCut>'Alt+7'</ShortCut>
          <Description>Structure</Description>
          <Count>13</Count>
        </Item>
      </Statistic>
      <Statistic Action="Synchronize">
        <Item>
          <IdeaActionID>Synchronize</IdeaActionID>
          <ShortCut>'Ctrl+Alt+Y'</ShortCut>
          <Description>Synchronize</Description>
          <Count>5</Count>
        </Item>
      </Statistic>
      <Statistic Action="Terminal">
        <Item>
          <IdeaActionID>ActivateTerminalToolWindow</IdeaActionID>
          <ShortCut>'Alt+F12'</ShortCut>
          <Description>Terminal</Description>
          <Count>31</Count>
        </Item>
      </Statistic>
      <Statistic Action="Toggle Line Breakpoint">
        <Item>
          <IdeaActionID>ToggleLineBreakpoint</IdeaActionID>
          <ShortCut>'Ctrl+F8'</ShortCut>
          <Description>Toggle Line Breakpoint</Description>
          <Count>172</Count>
        </Item>
      </Statistic>
      <Statistic Action="Type Declaration">
        <Item>
          <IdeaActionID>GotoTypeDeclaration</IdeaActionID>
          <ShortCut>'Ctrl+Shift+B'</ShortCut>
          <Description>Type Declaration</Description>
          <Count>1</Count>
        </Item>
      </Statistic>
      <Statistic Action="Version Control">
        <Item>
          <IdeaActionID>ActivateVersionControlToolWindow</IdeaActionID>
          <ShortCut>'Alt+9'</ShortCut>
          <Description>Version Control</Description>
          <Count>14</Count>
        </Item>
      </Statistic>
      <Statistic Action="View Breakpoints...">
        <Item>
          <IdeaActionID>ViewBreakpoints</IdeaActionID>
          <ShortCut>'Ctrl+Shift+F8'</ShortCut>
          <Description>View Breakpoints...</Description>
          <Count>7</Count>
        </Item>
      </Statistic>
      <Statistic Action="Vim Emulator">
        <Item>
          <IdeaActionID>VimPluginToggle</IdeaActionID>
          <ShortCut>'Ctrl+Alt+V'</ShortCut>
          <Description>Vim Emulator</Description>
          <Count>1</Count>
        </Item>
      </Statistic>
    </option>
  </component>
</application>