<application>
  <component name="VimSettings">
    <state version="4" enabled="false" />
    <globalmarks />
    <filemarks>
      <file name="$USER_HOME$/Desktop/projects/trips3m_desktop/app/containers/Home/components/packagesByNature/data.js" timestamp="1559799886084">
        <mark key="[" line="43" column="0" />
        <mark key="]" line="43" column="0" />
        <mark key="." line="43" column="0" />
      </file>
      <file name="$USER_HOME$/Desktop/projects/trips3m_desktop/app/containers/Listing/ListingAsync.js" timestamp="1559893158761">
        <mark key="'" line="558" column="6" />
        <mark key="[" line="843" column="34" />
        <mark key="]" line="843" column="35" />
        <mark key="." line="843" column="35" />
        <mark key="^" line="843" column="35" />
      </file>
      <file name="/fragment.js" timestamp="1559888830728">
        <mark key="[" line="0" column="0" />
      </file>
      <file name="$USER_HOME$/Desktop/projects/trips3m_desktop/app/containers/Home/components/mediaTalk/data.js" timestamp="1558601655112">
        <mark key="'" line="97" column="17" />
        <mark key="[" line="1" column="0" />
        <mark key="]" line="5" column="18" />
        <mark key="^" line="1" column="0" />
        <mark key="." line="5" column="18" />
      </file>
      <file name="$USER_HOME$/Desktop/projects/trips3m_desktop/app/containers/Home/hoc/withTheme.js" timestamp="1559730410068">
        <mark key="'" line="68" column="0" />
        <mark key="[" line="27" column="15" />
        <mark key="]" line="27" column="24" />
        <mark key="." line="27" column="24" />
        <mark key="^" line="27" column="24" />
      </file>
      <file name="$USER_HOME$/Desktop/projects/trips3m_desktop/app/components/Compare/CompareQuotes/CompareQuoteOptionItem.js" timestamp="1559893900090">
        <mark key="[" line="29" column="16" />
        <mark key="]" line="29" column="39" />
        <mark key="^" line="29" column="39" />
        <mark key="." line="29" column="39" />
      </file>
      <file name="$APPLICATION_CONFIG_DIR$/scratches/scratch_3.js" timestamp="1559892887327">
        <mark key="'" line="22" column="1" />
        <mark key="[" line="2" column="13" />
        <mark key="]" line="2" column="14" />
        <mark key="^" line="2" column="14" />
        <mark key="." line="2" column="14" />
      </file>
      <file name="$USER_HOME$/Desktop/projects/trips3m_desktop/app/containers/Home/components/menu/data/default.js" timestamp="1559729866546">
        <mark key="'" line="43" column="0" />
        <mark key="[" line="4" column="0" />
        <mark key="]" line="4" column="0" />
        <mark key="." line="4" column="0" />
      </file>
      <file name="$USER_HOME$/Desktop/projects/trips3m_desktop/app/containers/Home/components/PackagesByNature.js" timestamp="1559799961263">
        <mark key="'" line="5" column="7" />
        <mark key="[" line="5" column="37" />
        <mark key="]" line="5" column="6" />
        <mark key="." line="5" column="6" />
        <mark key="^" line="5" column="6" />
      </file>
      <file name="/JavaScript Console" timestamp="1559890297401">
        <mark key="[" line="0" column="0" />
      </file>
      <file name="$USER_HOME$/Desktop/projects/trips3m_desktop/app/containers/Home/components/menu/MenuFactory.js" timestamp="1559729982052">
        <mark key="'" line="158" column="78" />
        <mark key="[" line="146" column="0" />
        <mark key="]" line="146" column="0" />
        <mark key="^" line="146" column="17" />
        <mark key="." line="146" column="0" />
      </file>
      <file name="$USER_HOME$/Desktop/projects/trips3m_desktop/app/containers/Home/HomeAsync.js" timestamp="1559730678929">
        <mark key="'" line="7" column="41" />
        <mark key="[" line="7" column="49" />
        <mark key="]" line="7" column="48" />
        <mark key="^" line="7" column="48" />
        <mark key="." line="7" column="48" />
      </file>
      <file name="$USER_HOME$/Desktop/projects/trips3m_desktop/app/containers/Layout/TopSubBar.js" timestamp="1559730512445">
        <mark key="'" line="407" column="20" />
        <mark key="[" line="14" column="0" />
        <mark key="]" line="14" column="0" />
        <mark key="." line="14" column="0" />
      </file>
      <file name="$USER_HOME$/Desktop/projects/trips3m_desktop/app/containers/Home/components/menu/HolidayThemesSelector.js" timestamp="1558601058869">
        <mark key="[" line="21" column="35" />
        <mark key="]" line="21" column="35" />
        <mark key="." line="21" column="35" />
        <mark key="^" line="21" column="35" />
      </file>
      <file name="$USER_HOME$/Desktop/projects/trips3m_desktop/app/containers/Home/components/packagesByNature/seasons.js" timestamp="1559800082161">
        <mark key="'" line="10" column="0" />
        <mark key="[" line="10" column="20" />
        <mark key="]" line="10" column="1" />
        <mark key="." line="10" column="20" />
      </file>
    </filemarks>
    <jumps>
      <jump line="9" column="17" filename="$USER_HOME$/Desktop/projects/trips3m_desktop/app/containers/Home/components/mediaTalk/data.js" />
      <jump line="17" column="17" filename="$USER_HOME$/Desktop/projects/trips3m_desktop/app/containers/Home/components/mediaTalk/data.js" />
      <jump line="25" column="17" filename="$USER_HOME$/Desktop/projects/trips3m_desktop/app/containers/Home/components/mediaTalk/data.js" />
      <jump line="33" column="17" filename="$USER_HOME$/Desktop/projects/trips3m_desktop/app/containers/Home/components/mediaTalk/data.js" />
      <jump line="41" column="17" filename="$USER_HOME$/Desktop/projects/trips3m_desktop/app/containers/Home/components/mediaTalk/data.js" />
      <jump line="49" column="17" filename="$USER_HOME$/Desktop/projects/trips3m_desktop/app/containers/Home/components/mediaTalk/data.js" />
      <jump line="57" column="17" filename="$USER_HOME$/Desktop/projects/trips3m_desktop/app/containers/Home/components/mediaTalk/data.js" />
      <jump line="65" column="17" filename="$USER_HOME$/Desktop/projects/trips3m_desktop/app/containers/Home/components/mediaTalk/data.js" />
      <jump line="73" column="17" filename="$USER_HOME$/Desktop/projects/trips3m_desktop/app/containers/Home/components/mediaTalk/data.js" />
      <jump line="81" column="17" filename="$USER_HOME$/Desktop/projects/trips3m_desktop/app/containers/Home/components/mediaTalk/data.js" />
      <jump line="89" column="17" filename="$USER_HOME$/Desktop/projects/trips3m_desktop/app/containers/Home/components/mediaTalk/data.js" />
      <jump line="97" column="17" filename="$USER_HOME$/Desktop/projects/trips3m_desktop/app/containers/Home/components/mediaTalk/data.js" />
      <jump line="11" column="8" filename="$USER_HOME$/Desktop/projects/trips3m_desktop/app/containers/Home/components/menu/data/default.js" />
      <jump line="1" column="0" filename="$USER_HOME$/Desktop/projects/trips3m_desktop/app/containers/Home/components/menu/data/default.js" />
      <jump line="55" column="0" filename="$USER_HOME$/Desktop/projects/trips3m_desktop/app/containers/Home/components/menu/data/default.js" />
      <jump line="162" column="22" filename="$USER_HOME$/Desktop/projects/trips3m_desktop/app/containers/Home/components/menu/MenuFactory.js" />
      <jump line="195" column="55" filename="$USER_HOME$/Desktop/projects/trips3m_desktop/app/containers/Home/components/menu/MenuFactory.js" />
      <jump line="224" column="58" filename="$USER_HOME$/Desktop/projects/trips3m_desktop/app/containers/Home/components/menu/MenuFactory.js" />
      <jump line="227" column="20" filename="$USER_HOME$/Desktop/projects/trips3m_desktop/app/containers/Home/components/menu/MenuFactory.js" />
      <jump line="146" column="39" filename="$USER_HOME$/Desktop/projects/trips3m_desktop/app/containers/Home/components/menu/MenuFactory.js" />
      <jump line="160" column="78" filename="$USER_HOME$/Desktop/projects/trips3m_desktop/app/containers/Home/components/menu/MenuFactory.js" />
      <jump line="4" column="7" filename="$USER_HOME$/Desktop/projects/trips3m_desktop/app/containers/Home/hoc/withTheme.js" />
      <jump line="68" column="0" filename="$USER_HOME$/Desktop/projects/trips3m_desktop/app/containers/Home/hoc/withTheme.js" />
      <jump line="407" column="20" filename="$USER_HOME$/Desktop/projects/trips3m_desktop/app/containers/Layout/TopSubBar.js" />
      <jump line="79" column="6" filename="$USER_HOME$/Desktop/projects/trips3m_desktop/app/containers/Home/HomeAsync.js" />
      <jump line="41" column="19" filename="$USER_HOME$/Desktop/projects/trips3m_desktop/app/containers/Home/HomeAsync.js" />
      <jump line="45" column="19" filename="$USER_HOME$/Desktop/projects/trips3m_desktop/app/containers/Home/HomeAsync.js" />
      <jump line="49" column="19" filename="$USER_HOME$/Desktop/projects/trips3m_desktop/app/containers/Home/HomeAsync.js" />
      <jump line="63" column="21" filename="$USER_HOME$/Desktop/projects/trips3m_desktop/app/containers/Home/HomeAsync.js" />
      <jump line="67" column="21" filename="$USER_HOME$/Desktop/projects/trips3m_desktop/app/containers/Home/HomeAsync.js" />
      <jump line="71" column="21" filename="$USER_HOME$/Desktop/projects/trips3m_desktop/app/containers/Home/HomeAsync.js" />
      <jump line="14" column="4" filename="$USER_HOME$/Desktop/projects/trips3m_desktop/app/containers/Home/HomeAsync.js" />
      <jump line="121" column="54" filename="$USER_HOME$/Desktop/projects/trips3m_desktop/app/containers/Home/HomeAsync.js" />
      <jump line="7" column="41" filename="$USER_HOME$/Desktop/projects/trips3m_desktop/app/containers/Home/HomeAsync.js" />
      <jump line="35" column="9" filename="$USER_HOME$/Desktop/projects/trips3m_desktop/app/containers/Home/components/PackagesByNature.js" />
      <jump line="5" column="7" filename="$USER_HOME$/Desktop/projects/trips3m_desktop/app/containers/Home/components/PackagesByNature.js" />
      <jump line="43" column="0" filename="$USER_HOME$/Desktop/projects/trips3m_desktop/app/containers/Home/components/packagesByNature/seasons.js" />
      <jump line="15" column="4" filename="$APPLICATION_CONFIG_DIR$/scratches/scratch_3.js" />
      <jump line="0" column="0" filename="$APPLICATION_CONFIG_DIR$/scratches/scratch_3.js" />
      <jump line="21" column="1" filename="$APPLICATION_CONFIG_DIR$/scratches/scratch_3.js" />
      <jump line="843" column="34" filename="$USER_HOME$/Desktop/projects/trips3m_desktop/app/containers/Listing/ListingAsync.js" />
      <jump line="848" column="45" filename="$USER_HOME$/Desktop/projects/trips3m_desktop/app/containers/Listing/ListingAsync.js" />
      <jump line="864" column="30" filename="$USER_HOME$/Desktop/projects/trips3m_desktop/app/containers/Listing/ListingAsync.js" />
      <jump line="884" column="61" filename="$USER_HOME$/Desktop/projects/trips3m_desktop/app/containers/Listing/ListingAsync.js" />
      <jump line="885" column="65" filename="$USER_HOME$/Desktop/projects/trips3m_desktop/app/containers/Listing/ListingAsync.js" />
      <jump line="886" column="56" filename="$USER_HOME$/Desktop/projects/trips3m_desktop/app/containers/Listing/ListingAsync.js" />
      <jump line="893" column="36" filename="$USER_HOME$/Desktop/projects/trips3m_desktop/app/containers/Listing/ListingAsync.js" />
      <jump line="905" column="31" filename="$USER_HOME$/Desktop/projects/trips3m_desktop/app/containers/Listing/ListingAsync.js" />
      <jump line="906" column="71" filename="$USER_HOME$/Desktop/projects/trips3m_desktop/app/containers/Listing/ListingAsync.js" />
      <jump line="907" column="56" filename="$USER_HOME$/Desktop/projects/trips3m_desktop/app/containers/Listing/ListingAsync.js" />
      <jump line="908" column="47" filename="$USER_HOME$/Desktop/projects/trips3m_desktop/app/containers/Listing/ListingAsync.js" />
      <jump line="916" column="22" filename="$USER_HOME$/Desktop/projects/trips3m_desktop/app/containers/Listing/ListingAsync.js" />
      <jump line="921" column="35" filename="$USER_HOME$/Desktop/projects/trips3m_desktop/app/containers/Listing/ListingAsync.js" />
      <jump line="928" column="49" filename="$USER_HOME$/Desktop/projects/trips3m_desktop/app/containers/Listing/ListingAsync.js" />
      <jump line="936" column="16" filename="$USER_HOME$/Desktop/projects/trips3m_desktop/app/containers/Listing/ListingAsync.js" />
      <jump line="945" column="16" filename="$USER_HOME$/Desktop/projects/trips3m_desktop/app/containers/Listing/ListingAsync.js" />
      <jump line="555" column="49" filename="$USER_HOME$/Desktop/projects/trips3m_desktop/app/containers/Listing/ListingAsync.js" />
      <jump line="558" column="6" filename="$USER_HOME$/Desktop/projects/trips3m_desktop/app/containers/Listing/ListingAsync.js" />
    </jumps>
    <registers>
      <register name="a" type="4">
        <text encoding="base64">IFByb3BUeXBlcywgaW5zdGFuY2VPZiA=</text>
      </register>
      <register name="&quot;" type="4">
        <text>p</text>
      </register>
      <register name="-" type="4">
        <text>p</text>
      </register>
      <register name="/" type="4">
        <text>document</text>
      </register>
      <register name="0" type="2">
        <text encoding="base64">dmFyIGNvb2tpZSA9IEpTT04uc3RyaW5naWZ5KCcnKTsK</text>
      </register>
      <register name="1" type="2">
        <text encoding="base64">dmFyIGRlc3RzID0gSlNPTi5wYXJzZShjb29raWUpOwo=</text>
      </register>
      <register name="2" type="2">
        <text encoding="base64">ICAgIGNvbnNvbGUubG9nKEpTT04uc3RyaW5naWZ5KGRlc3RzKSk7Cg==</text>
      </register>
      <register name="3" type="2">
        <text encoding="base64">Y29uc29sZS5sb2coY29va2llKTsK</text>
      </register>
      <register name="4" type="2">
        <text encoding="base64">Cg==</text>
      </register>
      <register name="5" type="2">
        <text encoding="base64">ICBjb25zb2xlLmxvZyhleGlzdGluZ0Rlc3QpOwo=</text>
      </register>
      <register name="6" type="2">
        <text encoding="base64">ICAgIGNvbnNvbGUubG9nKCk7IH0K</text>
      </register>
      <register name="7" type="4">
        <text>0, existingDestIndex))
  }
  console.log(existingDest);
};

addDestination('kerala');</text>
      </register>
      <register name="8" type="2">
        <text encoding="base64">Cg==</text>
      </register>
      <register name="9" type="2">
        <text encoding="base64">dmFyIGN1cnJlbnREZXN0ID0gJ21hbmFsaSc7Cg==</text>
      </register>
      <register name=":" type="4">
        <text>250</text>
      </register>
    </registers>
    <search>
      <last-search>document</last-search>
      <last-offset />
      <last-pattern>document</last-pattern>
      <last-replace>seasons</last-replace>
      <last-substitute>data</last-substitute>
      <last-dir>-1</last-dir>
      <show-last>true</show-last>
    </search>
    <history>
      <history-search>
        <entry encoding="base64">PA==</entry>
        <entry encoding="base64">XDxkaXNwbGF5TmFtZVw+</entry>
        <entry>displayName</entry>
        <entry>propTypes</entry>
        <entry>Traveller</entry>
        <entry>updateTripTypePrefs</entry>
        <entry>dispatch</entry>
        <entry encoding="base64">XDx1cGRhdGVUcmlwVHlwZVw+</entry>
        <entry encoding="base64">XDx1c2VyUHJlZnNcPg==</entry>
        <entry encoding="base64">XDxkYXRhXD4=</entry>
        <entry>data</entry>
        <entry>dests</entry>
        <entry>destination</entry>
        <entry>document</entry>
      </history-search>
      <history-cmd>
        <entry>sp new</entry>
        <entry>%s/displayName/menuItem.displayName/g</entry>
        <entry>ls</entry>
        <entry>44</entry>
        <entry>%s/data/seasons/g</entry>
        <entry>reg</entry>
        <entry>w</entry>
        <entry>set hls</entry>
        <entry>250</entry>
      </history-cmd>
      <history-expr />
      <history-input />
    </history>
    <shortcut-conflicts>
      <shortcut-conflict owner="vim">
        <text>ctrl pressed F</text>
      </shortcut-conflict>
      <shortcut-conflict owner="vim">
        <text>ctrl pressed B</text>
      </shortcut-conflict>
      <shortcut-conflict owner="vim">
        <text>ctrl pressed S</text>
      </shortcut-conflict>
      <shortcut-conflict owner="vim">
        <text>ctrl pressed R</text>
      </shortcut-conflict>
      <shortcut-conflict owner="vim">
        <text>ctrl pressed Y</text>
      </shortcut-conflict>
      <shortcut-conflict owner="vim">
        <text>ctrl pressed E</text>
      </shortcut-conflict>
      <shortcut-conflict owner="vim">
        <text>ctrl pressed W</text>
      </shortcut-conflict>
      <shortcut-conflict owner="vim">
        <text>ctrl pressed G</text>
      </shortcut-conflict>
    </shortcut-conflicts>
  </component>
</application>