<code_scheme name="Default" version="173">
  <option name="HTML_SPACE_INSIDE_EMPTY_TAG" value="true" />
  <option name="SOFT_MARGINS" value="120" />
  <HTMLCodeStyleSettings>
    <option name="HTML_SPACE_INSIDE_EMPTY_TAG" value="true" />
  </HTMLCodeStyleSettings>
  <JSCodeStyleSettings>
    <option name="SPACES_WITHIN_OBJECT_LITERAL_BRACES" value="true" />
    <option name="SPACES_WITHIN_IMPORTS" value="true" />
  </JSCodeStyleSettings>
  <codeStyleSettings language="JavaScript">
    <indentOptions>
      <option name="INDENT_SIZE" value="2" />
      <option name="CONTINUATION_INDENT_SIZE" value="2" />
      <option name="TAB_SIZE" value="2" />
    </indentOptions>
  </codeStyleSettings>
</code_scheme>